Dataset,Feature,Entropy
CICIoT2023,rate,2.829638244591374
CICIoT2023,header_length,1.9088256390236138
CICIoT2023,protocol_type,1.3276844654397066
CICIoT2023,tcp,1.2521102926033767
CICIoT2023,ack_flag_number,0.9930006416821274
CICIoT2023,ack_count,0.9862312090291235
CICIoT2023,udp,0.9122701884147533
CICIoT2023,syn_flag_number,0.8949694419039096
CICIoT2023,syn_count,0.855206584189806
CICIoT2023,icmp,0.8463718776508765
CICIoT2023,psh_flag_number,0.8318225466875806
CICIoT2023,rst_flag_number,0.7070722696374082
CICIoT2023,rst_count,0.7027411887534526
CICIoT2023,time_to_live,0.6589620847713683
CICIoT2023,arp,0.5706666638145684
CICIoT2023,fin_flag_number,0.5529354448089991
CICIoT2023,fin_count,0.5243954885205792
CICIoT2023,tot_sum,0.5149558645058164
CICIoT2023,https,0.5090673152870403
CICIoT2023,max,0.46276122839162587
CICIoT2023,std,0.45317962521172017
CICIoT2023,avg,0.43626634283261406
CICIoT2023,tot_size,0.43626634283261406
CICIoT2023,dns,0.37965091746212504
CICIoT2023,http,0.3535687659759633
CICIoT2023,variance,0.3398238232622817
CICIoT2023,iat,0.3021352750995767
CICIoT2023,ipv,0.21379269016003852
CICIoT2023,llc,0.21379269016003852
CICIoT2023,number,0.20922954877926925
CICIoT2023,min,0.09576849097465745
CICIoT2023,dhcp,0.04904173369943529
CICIoT2023,ssh,0.029184566640447763
CICIoT2023,irc,0.012151119459568377
CICIoT2023,ece_flag_number,0.0
CICIoT2023,smtp,0.0
CICIoT2023,telnet,0.0
CICIoT2023,cwr_flag_number,0.0
CICIoT2023,igmp,0.0
CICDDoS2019,destination_port,4.32171457193924
CICDDoS2019,flow_bytes/s,1.7413586891047446
CICDDoS2019,fwd_packets/s,1.3723257656511667
CICDDoS2019,flow_packets/s,1.3019574280106303
CICDDoS2019,average_packet_size,0.7647687937753679
CICDDoS2019,fwd_packet_length_min,0.7583525795967799
CICDDoS2019,min_packet_length,0.7583525795967799
CICDDoS2019,packet_length_mean,0.7583291822747458
CICDDoS2019,fwd_packet_length_mean,0.7582962556439921
CICDDoS2019,avg_fwd_segment_size,0.7582962556439921
CICDDoS2019,max_packet_length,0.7580998217501907
CICDDoS2019,fwd_packet_length_max,0.7580443541645899
CICDDoS2019,fwd_iat_mean,0.7324678566602346
CICDDoS2019,flow_iat_min,0.6891872214953274
CICDDoS2019,fwd_iat_min,0.6888615714617239
CICDDoS2019,fwd_header_length_1,0.23022849154345262
CICDDoS2019,fwd_header_length,0.23022849154345262
CICDDoS2019,min_seg_size_forward,0.2278891420575176
CICDDoS2019,flow_iat_mean,0.16137902924886188
CICDDoS2019,flow_duration,0.0368147472234453
CICDDoS2019,fwd_iat_std,0.036688802434859384
CICDDoS2019,fwd_iat_max,0.03288434056261771
CICDDoS2019,total_length_of_fwd_packets,0.03234912560976013
CICDDoS2019,subflow_fwd_bytes,0.03234912560976013
CICDDoS2019,fwd_iat_total,0.031970985884422
CICDDoS2019,flow_iat_max,0.02881971510267893
CICDDoS2019,subflow_fwd_packets,0.024947734435005905
CICDDoS2019,total_fwd_packets,0.024947734435005905
CICDDoS2019,act_data_pkt_fwd,0.024008514454105814
CICDDoS2019,flow_iat_std,0.021446517468459173
CICDDoS2019,source_port,0.014715908363701416
CICDDoS2019,packet_length_variance,0.013977770206019528
CICDDoS2019,packet_length_std,0.013433052398803016
CICDDoS2019,total_length_of_bwd_packets,0.0
CICDDoS2019,bwd_packet_length_mean,0.0
CICDDoS2019,bwd_packet_length_std,0.0
CICDDoS2019,bwd_packet_length_max,0.0
CICDDoS2019,bwd_packet_length_min,0.0
CICDDoS2019,fwd_packet_length_std,0.0
CICDDoS2019,protocol,0.0
CICDDoS2019,total_backward_packets,0.0
CICDDoS2019,bwd_psh_flags,0.0
CICDDoS2019,bwd_packets/s,0.0
CICDDoS2019,fwd_psh_flags,0.0
CICDDoS2019,bwd_iat_min,0.0
CICDDoS2019,bwd_iat_max,0.0
CICDDoS2019,bwd_iat_std,0.0
CICDDoS2019,bwd_iat_mean,0.0
CICDDoS2019,bwd_iat_total,0.0
CICDDoS2019,bwd_header_length,0.0
CICDDoS2019,ack_flag_count,0.0
CICDDoS2019,psh_flag_count,0.0
CICDDoS2019,rst_flag_count,0.0
CICDDoS2019,syn_flag_count,0.0
CICDDoS2019,fin_flag_count,0.0
CICDDoS2019,bwd_urg_flags,0.0
CICDDoS2019,fwd_urg_flags,0.0
CICDDoS2019,ece_flag_count,0.0
CICDDoS2019,avg_bwd_segment_size,0.0
CICDDoS2019,cwe_flag_count,0.0
CICDDoS2019,fwd_avg_bytes/bulk,0.0
CICDDoS2019,fwd_avg_packets/bulk,0.0
CICDDoS2019,bwd_avg_bytes/bulk,0.0
CICDDoS2019,fwd_avg_bulk_rate,0.0
CICDDoS2019,down/up_ratio,0.0
CICDDoS2019,urg_flag_count,0.0
CICDDoS2019,bwd_avg_packets/bulk,0.0
CICDDoS2019,bwd_avg_bulk_rate,0.0
CICDDoS2019,subflow_bwd_packets,0.0
CICDDoS2019,subflow_bwd_bytes,0.0
CICDDoS2019,init_win_bytes_backward,0.0
CICDDoS2019,init_win_bytes_forward,0.0
CICDDoS2019,active_mean,0.0
CICDDoS2019,active_std,0.0
CICDDoS2019,active_max,0.0
CICDDoS2019,active_min,0.0
CICDDoS2019,idle_mean,0.0
CICDDoS2019,idle_std,0.0
CICDDoS2019,idle_max,0.0
CICDDoS2019,idle_min,0.0
CICDDoS2019,simillarhttp,0.0
CICDDoS2019,inbound,0.0
TONIoT,src_port,3.438556692323111
TONIoT,dst_pkts,2.2595791656778896
TONIoT,duration,1.2249457809293633
TONIoT,dst_port,0.773687030556383
TONIoT,dst_ip_bytes,0.4935996118072885
TONIoT,dns_rcode,0.3201771420183554
TONIoT,dns_qtype,0.15934579114901865
TONIoT,src_bytes,0.08267293674632051
TONIoT,src_ip_bytes,0.04114560909302098
TONIoT,dns_qclass,0.014895023527447782
TONIoT,http_trans_depth,0.0
TONIoT,http_version,0.0
TONIoT,http_request_body_len,0.0
TONIoT,http_response_body_len,0.0
